Domain,Status,Attractiveness,Demand,Length,Sectors,Created,Expires,Registrar
one.voting,available,132,44%,3,"Business,General,Media,Technology",,,
brief.voting,available,124,19%,5,"Business,Education,General,Law",,,
complete.voting,available,120,21%,8,"Manufacturing,Retail,Technology",,,
second.voting,available,120,23%,6,"General,Mathematics",,,
wizard.voting,available,118,42%,6,"Entertainment,Media,Technology",,,
equal.voting,available,116,19%,5,"Education,General,Law",,,
flat.voting,available,116,24%,4,"Construction,Real Estate",,,
tenth.voting,available,116,7%,5,Mathematics,,,
tonic.voting,available,114,22%,5,"Health and Fitness,Medicine,Science",,,
hotshot.voting,available,112,14%,7,"Business,Entertainment,Sports",,,
zero.voting,available,112,49%,4,Mathematics,,,
above.voting,available,112,22%,5,Business,,,
acute.voting,available,112,9%,5,"Mathematics,Medicine,Science",,,
abstract.voting,available,108,29%,8,"Arts,Humanities,Science",,,
abiding.voting,available,106,5%,7,"General,Religion",,,
active.voting,available,104,27%,6,"Health and Fitness,Sports,Travel",,,
expert.voting,available,104,26%,6,"Business,Education,Technology",,,
teen.voting,available,104,14%,4,"Education,Entertainment,Healthcare",,,
captive.voting,available,102,14%,7,"Entertainment,Hospitality,Technology",,,
eight.voting,available,102,23%,5,"General,Mathematics",,,
absent.voting,available,102,8%,6,"Business,Education,Technology",,,
extra.voting,available,102,26%,5,"Fashion,Retail,Technology",,,
whiz.voting,available,100,12%,4,"Business,Education,Technology",,,
adjunct.voting,available,100,5%,7,Education,,,
crack.voting,available,100,20%,5,Sports,,,
abrupt.voting,available,100,3%,6,"Medicine,Science",,,
ninth.voting,available,100,9%,5,Mathematics,,,
sixth.voting,available,100,8%,5,Mathematics,,,
remove.voting,available,100,13%,6,"Construction,Manufacturing,Technology",,,
third.voting,available,100,16%,5,Mathematics,,,
eighth.voting,available,100,6%,6,Mathematics,,,
genius.voting,available,98,46%,6,"Arts,Education,Technology",,,
whizz.voting,available,98,11%,5,"Business,Education,Technology",,,
alamode.voting,available,96,12%,9,Fashion,,,
actual.voting,available,96,22%,6,"Real Estate,Retail,Technology",,,
academic.voting,available,96,20%,8,"Education,Humanities,Science",,,
forgiving.voting,available,96,3%,9,"Healthcare,Religion",,,
doable.voting,available,96,9%,6,"Business,Education,Technology",,,
abject.voting,available,94,7%,6,Humanities,,,
about.voting,available,94,28%,5,"Business,General,Media,Technology",,,
virtuoso.voting,available,94,16%,8,"Arts,Entertainment",,,
around.voting,available,94,22%,6,"Business,General,Media,Technology",,,
adequate.voting,available,94,9%,8,"Education,Healthcare,Technology",,,
adjective.voting,available,92,5%,9,Education,,,
abroad.voting,available,92,12%,6,"Hospitality,Travel",,,
twentieth.voting,available,92,3%,9,Mathematics,,,
next.voting,available,92,43%,4,"Retail,Technology,Transportation",,,
derelict.voting,available,92,7%,8,"Construction,Real Estate",,,
exemplary.voting,available,92,5%,9,"Business,Education,Healthcare",,,
nought.voting,available,92,4%,6,Mathematics,,,
neutral.voting,available,92,20%,7,"Business,Media,Politics",,,
adept.voting,available,92,24%,5,"Education,Health and Fitness,Sports",,,
adoring.voting,available,90,2%,7,"Entertainment,Fashion,Retail",,,
riveting.voting,available,90,6%,8,"Entertainment,Media,Technology",,,
addictive.voting,available,90,9%,9,Healthcare,,,
gripping.voting,available,90,3%,8,"Entertainment,Media,Technology",,,
leash.voting,available,90,7%,5,"General,Health and Fitness,Retail",,,
additional.voting,available,90,8%,10,"Fashion,Retail,Technology",,,
endearing.voting,available,90,1%,9,"Entertainment,Fashion,Retail",,,
clear.voting,available,90,47%,5,"Manufacturing,Retail,Technology",,,
abortive.voting,available,90,1%,8,"Medicine,Science",,,
hundred.voting,available,88,14%,7,Mathematics,,,
adlib.voting,available,88,7%,6,Entertainment,,,
sixteen.voting,available,88,11%,7,Mathematics,,,
wide.voting,available,88,18%,4,"Business,Media,Technology",,,
three.voting,available,88,24%,5,Mathematics,,,
eleven.voting,available,88,33%,6,Mathematics,,,
ten.voting,available,88,28%,3,"General,Mathematics",,,
activist.voting,available,88,12%,8,"Humanities,Politics",,,
proficient.voting,available,88,8%,10,"Education,Health and Fitness,Sports",,,
fifteen.voting,available,88,13%,7,Mathematics,,,
ace.voting,available,88,34%,3,Sports,,,
twelve.voting,available,88,18%,6,"General,Mathematics",,,
actionable.voting,available,88,13%,10,"Business,Law",,,
xix.voting,available,86,11%,3,Mathematics,,,
aboriginal.voting,available,86,10%,10,Humanities,,,
attendant.voting,available,86,5%,9,"Healthcare,Hospitality,Transportation",,,
xiv.voting,available,86,12%,3,Mathematics,,,
star.voting,available,86,40%,4,"Entertainment,Media,Sports",,,
intent.voting,available,86,25%,6,"Business,Education,Technology",,,
adolescent.voting,available,86,3%,10,"Education,Entertainment,Healthcare",,,
recondite.voting,available,86,4%,9,"Arts,Humanities,Science",,,
cipher.voting,available,86,29%,6,Mathematics,,,
extempore.voting,available,86,3%,9,Entertainment,,,
engrossing.voting,available,86,0%,10,"Entertainment,Media,Technology",,,
thousand.voting,available,84,8%,8,Mathematics,,,
thirteen.voting,available,84,10%,8,Mathematics,,,
grand.voting,available,84,25%,5,"Finance,General",,,
acting.voting,available,84,12%,6,Entertainment,,,
twentytwo.voting,available,84,11%,10,Mathematics,,,
nineteen.voting,available,84,8%,8,Mathematics,,,
sharp.voting,available,84,34%,5,"Arts,Fashion",,,
deviate.voting,available,84,12%,7,"Medicine,Science",,,
adjustable.voting,available,84,3%,10,"Manufacturing,Retail,Technology",,,
fourteen.voting,available,84,8%,8,Mathematics,,,
accessory.voting,available,84,8%,9,"Fashion,Retail,Technology",,,
twentyone.voting,available,84,13%,10,Mathematics,,,
seventeen.voting,available,84,7%,9,Mathematics,,,
abroach.voting,available,82,1%,7,Food and Beverage,,,
decade.voting,available,82,10%,6,Mathematics,,,
altered.voting,available,82,9%,7,"Medicine,Science",,,
good.voting,available,82,47%,4,"Food and Beverage,General,Health and Fitness,Retail",,,
absorbent.voting,available,82,3%,9,"Healthcare,Manufacturing,Retail",,,
impromptu.voting,available,82,16%,9,Entertainment,,,
enduring.voting,available,82,9%,8,"Health and Fitness,Religion",,,
cleansing.voting,available,82,3%,9,Health and Fitness,,,
fivesome.voting,available,82,1%,8,Sports,,,
dozen.voting,available,82,10%,5,Mathematics,,,
abdominal.voting,available,82,1%,9,"Health and Fitness,Medicine",,,
abkhaz.voting,available,82,1%,6,Geography,,,
abenaki.voting,available,82,2%,7,Geography,,,
nine.voting,available,80,24%,4,"General,Mathematics",,,
adoptable.voting,available,80,3%,9,"Education,Healthcare",,,
yard.voting,available,80,26%,4,"Construction,General",,,
absurd.voting,available,80,16%,6,"Arts,Entertainment,Media",,,
superstar.voting,available,80,18%,9,Entertainment,,,
abundant.voting,available,80,19%,8,"Agriculture,Manufacturing,Retail",,,
twenty.voting,available,80,12%,6,Mathematics,,,
first.voting,available,80,36%,5,"General,Mathematics",,,
seventh.voting,available,80,10%,7,Mathematics,,,
two.voting,available,80,24%,3,Mathematics,,,
trio.voting,available,80,21%,4,Entertainment,,,
absorbable.voting,available,80,0%,10,"Healthcare,Pharmaceuticals,Science",,,
worshipful.voting,available,80,1%,10,"Education,Healthcare,Religion",,,
capable.voting,available,80,12%,7,"Business,Education,Technology",,,
forty.voting,available,80,9%,5,Mathematics,,,
some.voting,available,80,32%,4,"Business,Media,Retail",,,
able.voting,available,80,29%,4,"Business,Education,General,Technology",,,
wiz.voting,available,80,30%,3,"Business,Education,Technology",,,
absolute.voting,available,80,25%,8,"Engineering,Mathematics,Science",,,
sequent.voting,available,80,7%,7,"Healthcare,Insurance,Transportation",,,
dorsal.voting,available,80,6%,6,"Medicine,Science",,,
honestly.voting,available,78,9%,8,"Business,Law",,,
accepted.voting,available,78,6%,8,"Business,Education,Technology",,,
dormant.voting,available,78,4%,7,"Medicine,Science",,,
accessible.voting,available,78,21%,10,"Healthcare,Retail,Technology",,,
abkhasian.voting,available,78,1%,9,Geography,,,
abkhazian.voting,available,78,1%,9,Geography,,,
acceptable.voting,available,78,5%,10,"Business,Hospitality,Retail",,,
accidental.voting,available,78,11%,10,"Healthcare,Insurance,Transportation",,,
adrenal.voting,available,78,4%,7,"Education,Healthcare,Science",,,
abounding.voting,available,78,2%,9,Agriculture,,,
acceptant.voting,available,78,1%,9,"Education,Healthcare",,,
low.voting,available,78,20%,3,"Business,Finance",,,
accurate.voting,available,78,16%,8,"Engineering,Mathematics,Science",,,
adorable.voting,available,78,8%,8,"Entertainment,Fashion,Retail",,,
adjacent.voting,available,78,9%,8,"Construction,Real Estate,Retail",,,
recognised.voting,available,78,3%,10,"Business,Education,Technology",,,
absorptive.voting,available,78,1%,10,"Healthcare,Manufacturing,Retail",,,
twentysix.voting,available,78,8%,10,Mathematics,,,
athletic.voting,available,78,15%,8,"Health and Fitness,Sports",,,
recognized.voting,available,78,3%,10,"Business,Education,Technology",,,
sixtynine.voting,available,78,8%,10,Mathematics,,,
adaptable.voting,available,76,9%,9,"Business,Education,Technology",,,
diamond.voting,available,76,32%,7,Fashion,,,
threed.voting,available,76,7%,7,Technology,,,
obscene.voting,available,76,5%,7,"Entertainment,Media",,,
ancillary.voting,available,76,6%,9,"Healthcare,Manufacturing,Technology",,,
ventral.voting,available,76,3%,7,Science,,,
hundredth.voting,available,76,1%,9,Mathematics,,,
ague.voting,available,76,2%,4,"Geography,Medicine,Science",,,
firstrate.voting,available,76,6%,10,Business,,,
adaptive.voting,available,76,28%,8,"Business,Education,Technology",,,
abrasive.voting,available,76,6%,8,"Construction,Manufacturing",,,
adipose.voting,available,76,2%,7,"Healthcare,Science",,,
addable.voting,available,76,2%,7,"Engineering,Mathematics,Science",,,
adherent.voting,available,76,4%,8,"Politics,Religion",,,
incidental.voting,available,76,4%,10,"Healthcare,Insurance,Transportation",,,
auxiliary.voting,available,76,7%,9,"Healthcare,Manufacturing,Technology",,,
acoustic.voting,available,76,14%,8,Science,,,
nineteenth.voting,available,76,3%,10,Mathematics,,,
thirteenth.voting,available,76,4%,10,Mathematics,,,
fifteenth.voting,available,76,2%,9,Mathematics,,,
improvise.voting,available,76,4%,9,Entertainment,,,
energizing.voting,available,76,3%,10,"Food and Beverage,Health and Fitness,Travel",,,
adhesive.voting,available,76,7%,8,"Construction,Manufacturing,Technology",,,
resultant.voting,available,76,2%,9,"Healthcare,Insurance,Transportation",,,
eighteen.voting,available,76,7%,8,Mathematics,,,
fourteenth.voting,available,76,1%,10,Mathematics,,,
thousandth.voting,available,76,1%,10,Mathematics,,,
admirable.voting,available,74,5%,9,"Business,Education,Healthcare",,,
acuate.voting,available,74,2%,6,"Engineering,Medicine,Science",,,
adenoid.voting,available,74,1%,7,"Health and Fitness,Medicine,Science",,,
manageable.voting,available,74,4%,10,"Business,Education,Technology",,,
activated.voting,available,74,9%,9,"Healthcare,Manufacturing,Technology",,,
broad.voting,available,74,13%,5,"Entertainment,General,Media",,,
achievable.voting,available,74,4%,10,"Business,Education,Technology",,,
abnormal.voting,available,74,16%,8,"Medicine,Science",,,
mavin.voting,available,74,7%,5,"Entertainment,Fashion,Technology",,,
aberrant.voting,available,74,6%,8,"Medicine,Science",,,
adamant.voting,available,74,14%,7,Religion,,,
playing.voting,available,74,12%,7,Entertainment,,,
adapted.voting,available,74,6%,7,"Healthcare,Manufacturing,Technology",,,
single.voting,available,74,19%,6,Sports,,,
accepting.voting,available,74,3%,9,"Education,Healthcare",,,
supra.voting,available,74,25%,5,"Medicine,Science",,,
adrenergic.voting,available,74,1%,10,"Education,Healthcare,Science",,,
sensation.voting,available,74,7%,9,"Entertainment,Media,Sports",,,
skilful.voting,available,74,3%,7,"Education,Health and Fitness,Sports",,,
cleared.voting,available,74,7%,7,"Healthcare,Law,Transportation",,,
realizable.voting,available,74,1%,10,"Business,Education,Technology",,,
ablaze.voting,available,72,6%,6,Entertainment,,,
ninetieth.voting,available,72,1%,9,Mathematics,,,
adjunctive.voting,available,72,1%,10,"Healthcare,Manufacturing,Technology",,,
accusative.voting,available,72,0%,10,"Humanities,Law",,,
liv.voting,available,72,27%,3,Mathematics,,,
eightieth.voting,available,72,1%,9,Mathematics,,,
absorbed.voting,available,72,2%,8,"Entertainment,Media,Technology",,,
ternary.voting,available,72,7%,7,Mathematics,,,
sixtieth.voting,available,72,1%,8,Mathematics,,,
aching.voting,available,72,4%,6,Healthcare,,,
seventieth.voting,available,72,1%,10,Mathematics,,,
adiabatic.voting,available,72,3%,9,"Engineering,Science",,,
improvize.voting,available,72,1%,9,Entertainment,,,
existent.voting,available,72,3%,8,"Mathematics,Science",,,
trey.voting,available,72,14%,4,Sports,,,
addicted.voting,available,72,9%,8,Healthcare,,,
abreast.voting,available,72,2%,7,"Business,Technology",,,
adonic.voting,available,72,2%,6,"Arts,Education,Entertainment",,,
trinity.voting,available,72,18%,7,Religion,,,
deep.voting,available,72,41%,4,"Engineering,Mathematics,Science",,,
accustomed.voting,available,72,1%,10,"Business,Education,Humanities",,,
absolutist.voting,available,72,1%,10,"Humanities,Law,Politics",,,
adjectival.voting,available,72,1%,10,Education,,,
adaptative.voting,available,72,1%,10,"Business,Education,Technology",,,
lovely.voting,available,72,26%,6,"Entertainment,Fashion,Retail",,,
champion.voting,available,72,28%,8,"Entertainment,Health and Fitness,Sports",,,
abloom.voting,available,72,5%,6,Agriculture,,,
engrossed.voting,available,72,1%,9,"Entertainment,Media,Technology",,,
stillborn.voting,available,70,2%,9,"Medicine,Science",,,
consequent.voting,available,70,3%,10,"Business,Education,General,Technology",,,
abulic.voting,available,70,1%,6,Medicine,,,
tiptop.voting,available,70,24%,6,Fashion,,,
absorbing.voting,available,70,3%,9,"Entertainment,Media,Technology",,,
miserable.voting,available,70,4%,9,Humanities,,,
practiced.voting,available,70,3%,9,"Education,Health and Fitness,Sports",,,
adamantine.voting,available,70,4%,10,Religion,,,
lowdown.voting,available,70,6%,8,"Entertainment,Media",,,
gymnastic.voting,available,70,3%,9,"Entertainment,Sports",,,
abradant.voting,available,70,1%,8,"Construction,Manufacturing",,,
accumbent.voting,available,70,1%,9,"Healthcare,Medicine,Science",,,
adjusted.voting,available,70,5%,8,"Manufacturing,Retail,Technology",,,
admired.voting,available,70,5%,7,"Business,Education,Healthcare",,,
acuminate.voting,available,70,1%,9,"Engineering,Medicine,Science",,,
offhand.voting,available,70,2%,7,Entertainment,,,
adored.voting,available,70,6%,6,"Entertainment,Fashion,Retail",,,
unity.voting,available,70,40%,5,Mathematics,,,
recumbent.voting,available,70,2%,9,"Healthcare,Medicine,Science",,,
skillful.voting,available,70,9%,8,"Education,Health and Fitness,Sports",,,
octonary.voting,available,68,1%,8,Mathematics,,,
abnaki.voting,available,68,1%,6,Geography,,,
acerate.voting,available,68,1%,7,Science,,,
aculeate.voting,available,68,1%,8,"Engineering,Medicine,Science",,,
scurvy.voting,available,68,3%,6,Humanities,,,
septenary.voting,available,68,1%,9,Mathematics,,,
aroused.voting,available,68,3%,7,"Entertainment,Health and Fitness",,,
accredited.voting,available,68,9%,10,"Business,Education,Healthcare",,,
ablative.voting,available,68,3%,8,Science,,,
ennead.voting,available,68,5%,6,Mathematics,,,
thirtieth.voting,available,68,1%,9,Mathematics,,,
stygian.voting,available,68,5%,7,Humanities,,,
licensed.voting,available,68,5%,8,"Business,Healthcare,Insurance",,,
overseas.voting,available,68,12%,8,"Hospitality,Travel",,,
fortieth.voting,available,68,0%,8,Mathematics,,,
ane.voting,available,68,12%,3,Mathematics,,,
achaean.voting,available,68,2%,7,Humanities,,,
disciple.voting,available,68,14%,8,"Education,Religion",,,
foursome.voting,available,68,4%,8,Sports,,,
abducent.voting,available,68,0%,8,Medicine,,,
abkhas.voting,available,68,0%,6,Geography,,,
sevener.voting,available,68,1%,7,Mathematics,,,
aberdonian.voting,available,68,1%,10,Geography,,,
decorated.voting,available,68,3%,9,"Entertainment,Fashion,Retail",,,
vindicated.voting,available,68,2%,10,"Humanities,Law,Politics",,,
achaian.voting,available,68,2%,7,Humanities,,,
threesome.voting,available,68,5%,9,Entertainment,,,
licenced.voting,available,68,2%,8,"Business,Healthcare,Insurance",,,
activating.voting,available,68,3%,10,"Healthcare,Manufacturing,Technology",,,
fiftieth.voting,available,68,0%,8,Mathematics,,,
xiii.voting,available,66,9%,4,Mathematics,,,
xii.voting,available,66,10%,3,Mathematics,,,
acrobatic.voting,available,66,4%,9,"Entertainment,Sports",,,
exonerated.voting,available,66,2%,10,"Humanities,Law,Politics",,,
xxv.voting,available,66,6%,3,Mathematics,,,
century.voting,available,66,17%,7,Education,,,
five.voting,available,66,26%,4,Mathematics,,,
teenager.voting,available,66,4%,8,"Education,Entertainment,Healthcare",,,
deuce.voting,available,66,9%,5,Sports,,,
onec.voting,available,66,6%,5,Mathematics,,,
ninety.voting,available,66,11%,6,Mathematics,,,
modish.voting,available,66,5%,6,Fashion,,,
xvii.voting,available,66,5%,4,Mathematics,,,
sextet.voting,available,66,1%,6,Entertainment,,,
performing.voting,available,66,6%,10,Entertainment,,,
buzzing.voting,available,66,7%,7,"Entertainment,Media,Technology",,,
four.voting,available,66,27%,4,Mathematics,,,
eighty.voting,available,66,6%,6,Mathematics,,,
adopted.voting,available,66,4%,7,"Education,Healthcare",,,
xxvi.voting,available,66,3%,4,Mathematics,,,
fifty.voting,available,66,12%,5,Mathematics,,,
xxii.voting,available,66,6%,4,Mathematics,,,
acappella.voting,available,66,6%,10,Entertainment,,,
maven.voting,available,66,30%,5,"Entertainment,Fashion,Technology",,,
abstinent.voting,available,66,1%,9,"Health and Fitness,Religion",,,
accessary.voting,available,66,1%,9,"Business,Law,Technology",,,
clv.voting,available,66,10%,3,Mathematics,,,
thirty.voting,available,66,8%,6,Mathematics,,,
according.voting,available,66,3%,9,"Business,Education,Technology",,,
adorned.voting,available,66,5%,7,"Entertainment,Fashion,Retail",,,
acervate.voting,available,66,1%,8,Science,,,
xvi.voting,available,66,5%,3,Mathematics,,,
xxi.voting,available,66,10%,3,Mathematics,,,
xviii.voting,available,66,5%,5,Mathematics,,,
six.voting,available,66,26%,3,Mathematics,,,
tenner.voting,available,66,5%,6,Finance,,,
latest.voting,available,66,18%,6,Technology,,,
absolved.voting,available,64,1%,8,"Humanities,Law,Religion",,,
rising.voting,available,64,18%,6,"Construction,Manufacturing,Real Estate",,,
adagio.voting,available,64,14%,6,Entertainment,,,
acentric.voting,available,64,2%,8,Science,,,
aflame.voting,available,64,3%,6,Entertainment,,,
scatty.voting,available,64,1%,6,"Arts,Entertainment,Media",,,
nondrinker.voting,available,64,1%,10,"Health and Fitness,Religion",,,
astringent.voting,available,64,1%,10,"Healthcare,Pharmaceuticals",,,
accordant.voting,available,64,3%,9,"Arts,Entertainment",,,
ccc.voting,available,64,38%,3,Mathematics,,,
deviant.voting,available,64,12%,7,"Medicine,Science",,,
playacting.voting,available,62,1%,10,Entertainment,,,
activistic.voting,available,62,1%,10,"Humanities,Politics",,,
abo.voting,available,62,15%,3,Science,,,
sixteenth.voting,available,62,1%,9,Mathematics,,,
orso.voting,available,62,9%,5,"Business,Media,Technology",,,
admissible.voting,available,62,1%,10,"Education,Healthcare,Law",,,
accrued.voting,available,62,2%,7,"Banking,Finance,Insurance",,,
activation.voting,available,62,16%,10,"Healthcare,Manufacturing,Technology",,,
roughly.voting,available,62,3%,7,"Business,Media,Technology",,,
wrapped.voting,available,62,13%,7,"Fashion,Hospitality,Retail",,,
pungent.voting,available,62,1%,7,Food and Beverage,,,
ensuant.voting,available,62,1%,7,"Healthcare,Insurance,Transportation",,,
quartet.voting,available,62,7%,7,"Arts,Entertainment",,,
accusing.voting,available,62,1%,8,Law,,,
nail.voting,available,62,16%,4,"Construction,Fashion,General,Retail",,,
longdozen.voting,available,62,2%,10,Mathematics,,,
eighteenth.voting,available,62,1%,10,Mathematics,,,
acidic.voting,available,62,5%,6,"Food and Beverage,Science",,,
twodozen.voting,available,62,1%,9,Mathematics,,,
exculpated.voting,available,62,1%,10,"Humanities,Law,Politics",,,
adjuvant.voting,available,62,5%,8,"Healthcare,Manufacturing,Technology",,,
fortyfour.voting,available,62,6%,10,Mathematics,,,
troika.voting,available,62,8%,6,Politics,,,
cumulative.voting,available,62,2%,10,"Banking,Finance,Insurance",,,
aborigine.voting,available,62,1%,9,Humanities,,,
eleventh.voting,available,62,5%,8,Mathematics,,,
adoptive.voting,available,62,1%,8,"Education,Healthcare",,,
aufait.voting,available,62,3%,7,"Fashion,Media",,,
chiliad.voting,available,62,2%,7,Mathematics,,,
aboveboard.voting,available,60,5%,10,"Business,Law",,,
clxxv.voting,available,60,1%,5,Mathematics,,,
idolised.voting,available,60,1%,8,"Entertainment,Fashion,Retail",,,
cxl.voting,available,60,7%,3,Mathematics,,,
sixty.voting,available,60,13%,5,Mathematics,,,
cxv.voting,available,60,4%,3,Mathematics,,,
tertiary.voting,available,60,4%,8,Education,,,
abashed.voting,available,60,1%,7,Humanities,,,
eightysix.voting,available,60,7%,10,Mathematics,,,
adnexal.voting,available,60,1%,7,"Agriculture,Manufacturing,Retail",,,
clx.voting,available,60,10%,3,Mathematics,,,
xcl.voting,available,60,5%,3,Mathematics,,,
clxxx.voting,available,60,1%,5,Mathematics,,,
annexal.voting,available,60,1%,7,"Agriculture,Manufacturing,Retail",,,
clxv.voting,available,60,1%,4,Mathematics,,,
paunchy.voting,available,60,0%,7,"Health and Fitness,Medicine",,,
thou.voting,available,60,7%,4,Mathematics,,,
acceptive.voting,available,60,1%,9,"Education,Healthcare",,,
clxx.voting,available,60,3%,4,Mathematics,,,
cxxxv.voting,available,60,2%,5,Mathematics,,,
cxxx.voting,available,60,4%,4,Mathematics,,,
cautionary.voting,available,60,1%,10,"Business,Education,Healthcare",,,
cxxv.voting,available,60,1%,4,Mathematics,,,
idolized.voting,available,60,3%,8,"Entertainment,Fashion,Retail",,,
abstainer.voting,available,60,0%,9,"Health and Fitness,Religion",,,
cxx.voting,available,60,10%,3,Mathematics,,,
octet.voting,available,60,12%,5,Arts,,,
adnate.voting,available,60,1%,6,"Agriculture,Manufacturing,Retail",,,
abstemious.voting,available,60,0%,10,"Food and Beverage,Health and Fitness,Hospitality",,,
cxlv.voting,available,60,2%,4,Mathematics,,,
tercet.voting,available,59,2%,6,"Arts,Entertainment,Media",,,
abandoned.voting,available,58,10%,9,"Construction,Real Estate",,,
sextuplet.voting,available,58,1%,9,Healthcare,,,
fourscore.voting,available,58,4%,9,Mathematics,,,
niner.voting,available,58,5%,5,Mathematics,,,
lxxviii.voting,available,58,1%,7,Mathematics,,,
acyclic.voting,available,58,4%,7,"Engineering,Mathematics,Science",,,
justabout.voting,available,58,3%,10,"Business,Media,Technology",,,
offhanded.voting,available,58,1%,9,Entertainment,,,
pentad.voting,available,58,2%,6,Mathematics,,,
cypher.voting,available,58,29%,6,Mathematics,,,
aucourant.voting,available,58,3%,10,"Fashion,Media",,,
super.voting,available,58,47%,5,Business,,,
fourth.voting,available,58,13%,6,Mathematics,,,
abuzz.voting,available,58,5%,5,"Entertainment,Media,Technology",,,
accretive.voting,available,58,6%,9,"Banking,Finance,Insurance",,,
adjustive.voting,available,58,1%,9,"Manufacturing,Retail,Technology",,,
addressed.voting,available,58,3%,9,"Business,Technology,Telecommunications",,,
fifth.voting,available,58,12%,5,Mathematics,,,
tetrad.voting,available,58,5%,6,Mathematics,,,
ache.voting,available,58,7%,4,Healthcare,,,
sixer.voting,available,58,5%,5,Sports,,,
seventy.voting,available,58,7%,7,Mathematics,,,
centesimal.voting,available,58,1%,10,Mathematics,,,
twelfth.voting,available,58,2%,7,Mathematics,,,
adhoc.voting,available,58,24%,6,"Business,Engineering,Technology",,,
accoutred.voting,available,58,1%,9,"Fashion,Manufacturing,Retail",,,
addible.voting,available,58,2%,7,"Engineering,Mathematics,Science",,,
octad.voting,available,58,5%,5,Mathematics,,,
closeto.voting,available,58,3%,8,"Business,Media,Technology",,,
enwrapped.voting,available,58,0%,9,"Entertainment,Fashion,Media",,,
actuarial.voting,available,58,8%,9,"Finance,Insurance,Mathematics",,,
sixtyone.voting,available,58,3%,9,Mathematics,,,
abridged.voting,available,58,4%,8,Media,,,
quintet.voting,available,58,8%,7,"Arts,Entertainment",,,
lxxx.voting,available,58,2%,4,Mathematics,,,
linear.voting,available,58,22%,6,"Engineering,Mathematics,Science",,,
heptad.voting,available,58,1%,6,Mathematics,,,
acetic.voting,available,58,1%,6,"Food and Beverage,Science",,,
alacarte.voting,available,58,11%,10,Food and Beverage,,,
eighter.voting,available,58,2%,7,Mathematics,,,
seven.voting,available,58,36%,5,Mathematics,,,
hexad.voting,available,58,4%,5,Mathematics,,,
accented.voting,available,58,3%,8,"Arts,Entertainment",,,
abused.voting,available,58,5%,6,"Healthcare,Law",,,
adient.voting,available,58,4%,6,"Medicine,Science",,,
fiftysix.voting,available,56,4%,9,Mathematics,,,
aone.voting,available,56,15%,5,Food and Beverage,,,
fiftyone.voting,available,56,7%,9,Mathematics,,,
lviii.voting,available,56,1%,5,Mathematics,,,
admittible.voting,available,56,1%,10,"Education,Healthcare,Hospitality",,,
maledict.voting,available,56,1%,8,Religion,,,
xlv.voting,available,56,6%,3,Mathematics,,,
fiftyfour.voting,available,56,3%,10,Mathematics,,,
xxxii.voting,available,56,1%,5,Mathematics,,,
xlviii.voting,available,56,1%,6,Mathematics,,,
fortynine.voting,available,56,3%,10,Mathematics,,,
fiftytwo.voting,available,56,6%,9,Mathematics,,,
xxxv.voting,available,56,4%,4,Mathematics,,,
xlii.voting,available,56,5%,4,Mathematics,,,
fortyone.voting,available,56,4%,9,Mathematics,,,
addled.voting,available,56,2%,6,Entertainment,,,
terzetto.voting,available,56,3%,8,Arts,,,
liii.voting,available,56,4%,4,Mathematics,,,
abdominous.voting,available,56,0%,10,"Health and Fitness,Medicine",,,
xliv.voting,available,56,2%,4,Mathematics,,,
fiftynine.voting,available,56,4%,10,Mathematics,,,
xliii.voting,available,56,1%,5,Mathematics,,,
abeyant.voting,available,56,1%,7,"Business,Law",,,
admissive.voting,available,56,1%,9,"Education,Healthcare,Hospitality",,,
fortysix.voting,available,56,3%,9,Mathematics,,,
potbellied.voting,available,56,0%,10,"Health and Fitness,Medicine",,,
lvii.voting,available,56,1%,4,Mathematics,,,
accoutered.voting,available,56,0%,10,"Fashion,Manufacturing,Retail",,,
xxiv.voting,available,56,5%,4,Mathematics,,,
xxviii.voting,available,56,1%,6,Mathematics,,,
xxxiii.voting,available,56,2%,6,Mathematics,,,
xlvii.voting,available,56,2%,5,Mathematics,,,
appressed.voting,available,56,0%,9,"Agriculture,Manufacturing,Retail",,,
xlvi.voting,available,56,3%,4,Mathematics,,,
thirtytwo.voting,available,56,5%,10,Mathematics,,,
fiftyfive.voting,available,56,7%,10,Mathematics,,,
xli.voting,available,56,5%,3,Mathematics,,,
fortytwo.voting,available,56,17%,9,Mathematics,,,
xxiii.voting,available,56,5%,5,Mathematics,,,
lvi.voting,available,56,8%,3,Mathematics,,,
xxix.voting,available,56,4%,4,Mathematics,,,
halfdozen.voting,available,56,1%,10,Mathematics,,,
thirtyone.voting,available,56,5%,10,Mathematics,,,
admittable.voting,available,56,1%,10,"Education,Healthcare,Hospitality",,,
xxxiv.voting,available,56,1%,5,Mathematics,,,
lii.voting,available,56,7%,3,Mathematics,,,
xxxi.voting,available,56,9%,4,Mathematics,,,
thirtysix.voting,available,56,5%,10,Mathematics,,,
xxvii.voting,available,56,3%,5,Mathematics,,,
ilx.voting,available,56,5%,3,Mathematics,,,
xxxvii.voting,available,56,2%,6,Mathematics,,,
xxxvi.voting,available,56,1%,5,Mathematics,,,
triad.voting,available,56,15%,5,Arts,,,
xxxviii.voting,available,56,1%,7,Mathematics,,,
achy.voting,available,54,3%,4,Healthcare,,,
accentual.voting,available,54,3%,9,"Arts,Entertainment",,,
adjuratory.voting,available,54,0%,10,"Law,Politics,Religion",,,
fortyfive.voting,available,54,4%,10,Mathematics,,,
quintuplet.voting,available,54,1%,10,"Healthcare,Medicine,Science",,,
abatable.voting,available,54,1%,8,Law,,,
topnotch.voting,available,54,18%,8,Business,,,
quaternity.voting,available,54,4%,10,Mathematics,,,
ternion.voting,available,54,3%,7,Mathematics,,,
deuceace.voting,available,54,2%,9,Sports,,,
twoscore.voting,available,54,2%,8,Mathematics,,,
abient.voting,available,54,1%,6,Science,,,
quadruplet.voting,available,54,1%,10,"Healthcare,Medicine,Science",,,
threescore.voting,available,54,1%,10,Mathematics,,,
deserted.voting,available,54,3%,8,"Hospitality,Real Estate",,,
accursed.voting,available,54,3%,8,"Entertainment,Media,Religion",,,
monitory.voting,available,54,3%,8,"Business,Education,Healthcare",,,
admonitory.voting,available,54,0%,10,"Business,Education,Healthcare",,,
quaternion.voting,available,54,6%,10,Mathematics,,,
adpressed.voting,available,54,0%,9,"Agriculture,Manufacturing,Retail",,,
scratchy.voting,available,54,3%,8,Fashion,,,
vii.voting,available,54,13%,3,Mathematics,,,
iii.voting,available,54,24%,3,Mathematics,,,
acoustical.voting,available,54,4%,10,Science,,,
adducent.voting,available,54,1%,8,"Engineering,Mathematics,Science",,,
achromatic.voting,available,54,4%,10,Science,,,
adducting.voting,available,54,1%,9,"Engineering,Mathematics,Science",,,
abaxial.voting,available,54,1%,7,Science,,,
unnatural.voting,available,54,4%,9,"Medicine,Science",,,
viii.voting,available,54,6%,4,Mathematics,,,
adductive.voting,available,54,0%,9,"Engineering,Mathematics,Science",,,
fin.voting,available,54,30%,3,Finance,,,
abducens.voting,available,54,1%,8,Medicine,,,
quatern.voting,available,54,2%,7,Mathematics,,,
sise.voting,available,54,5%,4,Mathematics,,,
abhorrent.voting,available,54,1%,9,Humanities,,,
aboral.voting,available,54,2%,6,Science,,,
abasic.voting,available,54,1%,6,Science,,,
actuated.voting,available,54,2%,8,"Automotive,Manufacturing,Technology",,,
adaxial.voting,available,54,2%,7,Science,,,
abatic.voting,available,54,1%,6,Science,,,
sestet.voting,available,53,1%,6,Arts,,,
septet.voting,available,53,1%,6,General,,,
xxx.voting,available,53,30%,3,"Arts,Entertainment,Media",,,
lxxxiv.voting,available,52,1%,6,Mathematics,,,
sixtyfive.voting,available,52,3%,10,Mathematics,,,
xciii.voting,available,52,1%,5,Mathematics,,,
eightytwo.voting,available,52,4%,10,Mathematics,,,
adenoidal.voting,available,52,1%,9,"Health and Fitness,Medicine,Science",,,
lxii.voting,available,52,1%,4,Mathematics,,,
chagrined.voting,available,52,1%,9,Humanities,,,
ixl.voting,available,52,9%,3,Mathematics,,,
xcii.voting,available,52,2%,4,Mathematics,,,
abusive.voting,available,52,3%,7,"Healthcare,Law",,,
lxi.voting,available,52,5%,3,Mathematics,,,
lxviii.voting,available,52,1%,6,Mathematics,,,
sixtyfour.voting,available,52,3%,10,Mathematics,,,
repugnant.voting,available,52,1%,9,Humanities,,,
detestable.voting,available,52,1%,10,Humanities,,,
ixc.voting,available,52,5%,3,Mathematics,,,
uphill.voting,available,52,7%,6,"Sports,Transportation,Travel",,,
lxxxvii.voting,available,52,1%,7,Mathematics,,,
lxiii.voting,available,52,2%,5,Mathematics,,,
tierce.voting,available,52,3%,6,General,,,
xcv.voting,available,52,7%,3,Mathematics,,,
xcvi.voting,available,52,2%,4,Mathematics,,,
lxxii.voting,available,52,1%,5,Mathematics,,,
xcviii.voting,available,52,1%,6,Mathematics,,,
lxiv.voting,available,52,3%,4,Mathematics,,,
lxxvi.voting,available,52,1%,5,Mathematics,,,
lxvi.voting,available,52,3%,4,Mathematics,,,
lxxxv.voting,available,52,1%,5,Mathematics,,,
lxxiii.voting,available,52,1%,6,Mathematics,,,
ninetytwo.voting,available,52,4%,10,Mathematics,,,
xcvii.voting,available,52,1%,5,Mathematics,,,
lxxxiii.voting,available,52,1%,7,Mathematics,,,
ninetysix.voting,available,52,4%,10,Mathematics,,,
lxxxi.voting,available,52,1%,5,Mathematics,,,
lxxi.voting,available,52,1%,4,Mathematics,,,
sixtytwo.voting,available,52,3%,9,Mathematics,,,
lxxv.voting,available,52,1%,4,Mathematics,,,
abstruse.voting,available,52,5%,8,"Humanities,Mathematics,Science",,,
lxxvii.voting,available,52,2%,6,Mathematics,,,
ninetyone.voting,available,52,5%,10,Mathematics,,,
abominable.voting,available,52,2%,10,"Entertainment,Humanities",,,
lxxxvi.voting,available,52,1%,6,Mathematics,,,
xciv.voting,available,52,2%,4,Mathematics,,,
sixtysix.voting,available,52,4%,9,Mathematics,,,
abysmal.voting,available,52,4%,7,"Arts,Entertainment,Media",,,
eightyone.voting,available,52,3%,10,Mathematics,,,
lxxxii.voting,available,52,1%,6,Mathematics,,,
littlejoe.voting,available,52,2%,10,"Entertainment,Media",,,
lxv.voting,available,52,5%,3,Mathematics,,,
lxvii.voting,available,52,1%,5,Mathematics,,,
xci.voting,available,52,4%,3,Mathematics,,,
odious.voting,available,52,2%,6,"Entertainment,Humanities",,,
decumbent.voting,available,52,1%,9,"Healthcare,Medicine,Science",,,
lxxiv.voting,available,52,1%,5,Mathematics,,,
aboulic.voting,available,52,1%,7,Medicine,,,
repulsive.voting,available,52,1%,9,Humanities,,,
ablated.voting,available,52,1%,7,Science,,,
acapnotic.voting,available,50,0%,9,"Healthcare,Medicine,Science",,,
acerose.voting,available,50,1%,7,Science,,,
acquitted.voting,available,50,1%,9,Law,,,
abranchial.voting,available,50,0%,10,Science,,,
scummy.voting,available,50,1%,6,Humanities,,,
gillless.voting,available,50,0%,9,Science,,,
aborticide.voting,available,50,0%,10,Medicine,,,
broached.voting,available,50,0%,8,Food and Beverage,,,
abactinal.voting,available,50,0%,9,Science,,,
abbatial.voting,available,50,0%,8,Religion,,,
aculeated.voting,available,50,0%,9,"Engineering,Medicine,Science",,,
triplet.voting,available,50,8%,7,Science,,,
quint.voting,available,50,13%,5,"Arts,Entertainment",,,
abdicable.voting,available,50,0%,9,Law,,,
acapnic.voting,available,50,0%,7,"Healthcare,Medicine,Science",,,
acerb.voting,available,50,2%,5,Science,,,
acaudal.voting,available,50,1%,7,"Agriculture,Science",,,
acerbic.voting,available,50,2%,7,"Arts,Humanities,Media",,,
vinegary.voting,available,50,1%,8,Food and Beverage,,,
abomasal.voting,available,50,0%,8,Agriculture,,,
adhominem.voting,available,50,2%,10,"Humanities,Law,Politics",,,
acetose.voting,available,50,1%,7,Science,,,
ogdoad.voting,available,50,1%,6,Mathematics,,,
acetous.voting,available,50,1%,7,Science,,,
lxx.voting,available,50,5%,3,Mathematics,,,
acellular.voting,available,50,1%,9,Science,,,
spinous.voting,available,50,1%,7,"Agriculture,Science",,,
abducting.voting,available,50,0%,9,Medicine,,,
needlelike.voting,available,50,0%,10,"Engineering,Medicine,Science",,,
adactylous.voting,available,50,0%,10,Science,,,
cinque.voting,available,50,7%,6,Mathematics,,,
trine.voting,available,50,11%,5,"General,Religion",,,
abstracted.voting,available,48,5%,10,"Arts,Humanities,Science",,,
ilxxx.voting,available,48,1%,5,Mathematics,,,
apriori.voting,available,48,13%,8,Mathematics,,,
execrable.voting,available,48,0%,9,"Entertainment,Humanities",,,
ilxx.voting,available,48,1%,4,Mathematics,,,
lxxxviii.voting,available,48,1%,8,Mathematics,,,
notguilty.voting,available,48,5%,10,Law,,,
abyssal.voting,available,48,12%,7,"Arts,Entertainment,Media",,,
acetonic.voting,available,46,1%,8,Science,,,
acetylenic.voting,available,46,1%,10,Science,,,
stripling.voting,available,46,2%,9,"Education,Entertainment,Healthcare",,,
theabsurd.voting,available,46,1%,10,"Arts,Entertainment,Media",,,
achromic.voting,available,46,2%,8,Science,,,
acetylic.voting,available,46,1%,8,Science,,,
achenial.voting,available,46,1%,8,Science,,,
acarpous.voting,available,46,0%,8,"Agriculture,Science",,,
acanthotic.voting,available,46,0%,10,"Agriculture,Science",,,
quaternary.voting,available,46,3%,10,Mathematics,,,
acetabular.voting,available,46,1%,10,Science,,,
acarpelous.voting,available,46,0%,10,"Agriculture,Science",,,
acheronian.voting,available,46,1%,10,Humanities,,,
acanthoid.voting,available,46,1%,9,"Agriculture,Science",,,
acaudate.voting,available,46,1%,8,"Agriculture,Science",,,
acapnial.voting,available,46,0%,8,"Healthcare,Medicine,Science",,,
acephalous.voting,available,46,1%,10,Science,,,
cotyloid.voting,available,46,1%,8,Science,,,
vinegarish.voting,available,46,1%,10,Food and Beverage,,,
acanthous.voting,available,46,0%,9,"Agriculture,Science",,,
stemless.voting,available,46,2%,8,"Agriculture,Science",,,
acicular.voting,available,46,2%,8,Science,,,
achromous.voting,available,46,1%,9,Science,,,
cotyloidal.voting,available,44,1%,10,Science,,,
accusatory.voting,available,44,1%,10,Law,,,
acherontic.voting,available,44,1%,10,Humanities,,,
phoebe.voting,available,41,14%,6,Science,,,
abscessed.voting,available,41,0%,9,Healthcare,,,
scurrilous.voting,available,40,1%,10,"Entertainment,Media,Politics",,,
accurst.voting,available,40,1%,7,Religion,,,
accusive.voting,available,40,1%,8,Law,,,